ID,logFC_CBE_Mayo
ENSG00000131584,0.209336382
ENSG00000097021,0.031959545
ENSG00000116771,0.168006687
ENSG00000188157,0.260900382
ENSG00000177674,0.184133277