ID,logFC_astro
ENSG00000114573,-2.394453672
ENSG00000111640,-0.907585636
ENSG00000005022,-3.458860537
ENSG00000170315,-1.505407473