ID,logFC_microglia
ENSG00000189058,-2.725315634
ENSG00000111640,-0.787792415
ENSG00000170315,-5.212687575